date,astronomy/sunrise,astronomy/sunset,astronomy/moonrise,astronomy/moonset,astronomy/moon_phase,astronomy/moon_illumination,maxtempC,maxtempF,mintempC,mintempF,avgtempC,avgtempF,totalSnow_cm,sunHour,uvIndex,hourly/0/time,hourly/0/tempC,hourly/0/tempF,hourly/0/windspeedMiles,hourly/0/windspeedKmph,hourly/0/winddirDegree,hourly/0/winddir16Point,hourly/0/weatherCode,hourly/0/weatherIconUrl,hourly/0/weatherDesc,hourly/0/precipMM,hourly/0/precipInches,hourly/0/humidity,hourly/0/visibility,hourly/0/visibilityMiles,hourly/0/pressure,hourly/0/pressureInches,hourly/0/cloudcover,hourly/0/HeatIndexC,hourly/0/HeatIndexF,hourly/0/DewPointC,hourly/0/DewPointF,hourly/0/WindChillC,hourly/0/WindChillF,hourly/0/WindGustMiles,hourly/0/WindGustKmph,hourly/0/FeelsLikeC,hourly/0/FeelsLikeF,hourly/0/uvIndex,hourly/1/time,hourly/1/tempC,hourly/1/tempF,hourly/1/windspeedMiles,hourly/1/windspeedKmph,hourly/1/winddirDegree,hourly/1/winddir16Point,hourly/1/weatherCode,hourly/1/weatherIconUrl,hourly/1/weatherDesc,hourly/1/precipMM,hourly/1/precipInches,hourly/1/humidity,hourly/1/visibility,hourly/1/visibilityMiles,hourly/1/pressure,hourly/1/pressureInches,hourly/1/cloudcover,hourly/1/HeatIndexC,hourly/1/HeatIndexF,hourly/1/DewPointC,hourly/1/DewPointF,hourly/1/WindChillC,hourly/1/WindChillF,hourly/1/WindGustMiles,hourly/1/WindGustKmph,hourly/1/FeelsLikeC,hourly/1/FeelsLikeF,hourly/1/uvIndex,hourly/2/time,hourly/2/tempC,hourly/2/tempF,hourly/2/windspeedMiles,hourly/2/windspeedKmph,hourly/2/winddirDegree,hourly/2/winddir16Point,hourly/2/weatherCode,hourly/2/weatherIconUrl,hourly/2/weatherDesc,hourly/2/precipMM,hourly/2/precipInches,hourly/2/humidity,hourly/2/visibility,hourly/2/visibilityMiles,hourly/2/pressure,hourly/2/pressureInches,hourly/2/cloudcover,hourly/2/HeatIndexC,hourly/2/HeatIndexF,hourly/2/DewPointC,hourly/2/DewPointF,hourly/2/WindChillC,hourly/2/WindChillF,hourly/2/WindGustMiles,hourly/2/WindGustKmph,hourly/2/FeelsLikeC,hourly/2/FeelsLikeF,hourly/2/uvIndex,hourly/3/time,hourly/3/tempC,hourly/3/tempF,hourly/3/windspeedMiles,hourly/3/windspeedKmph,hourly/3/winddirDegree,hourly/3/winddir16Point,hourly/3/weatherCode,hourly/3/weatherIconUrl,hourly/3/weatherDesc,hourly/3/precipMM,hourly/3/precipInches,hourly/3/humidity,hourly/3/visibility,hourly/3/visibilityMiles,hourly/3/pressure,hourly/3/pressureInches,hourly/3/cloudcover,hourly/3/HeatIndexC,hourly/3/HeatIndexF,hourly/3/DewPointC,hourly/3/DewPointF,hourly/3/WindChillC,hourly/3/WindChillF,hourly/3/WindGustMiles,hourly/3/WindGustKmph,hourly/3/FeelsLikeC,hourly/3/FeelsLikeF,hourly/3/uvIndex,hourly/4/time,hourly/4/tempC,hourly/4/tempF,hourly/4/windspeedMiles,hourly/4/windspeedKmph,hourly/4/winddirDegree,hourly/4/winddir16Point,hourly/4/weatherCode,hourly/4/weatherIconUrl,hourly/4/weatherDesc,hourly/4/precipMM,hourly/4/precipInches,hourly/4/humidity,hourly/4/visibility,hourly/4/visibilityMiles,hourly/4/pressure,hourly/4/pressureInches,hourly/4/cloudcover,hourly/4/HeatIndexC,hourly/4/HeatIndexF,hourly/4/DewPointC,hourly/4/DewPointF,hourly/4/WindChillC,hourly/4/WindChillF,hourly/4/WindGustMiles,hourly/4/WindGustKmph,hourly/4/FeelsLikeC,hourly/4/FeelsLikeF,hourly/4/uvIndex,hourly/5/time,hourly/5/tempC,hourly/5/tempF,hourly/5/windspeedMiles,hourly/5/windspeedKmph,hourly/5/winddirDegree,hourly/5/winddir16Point,hourly/5/weatherCode,hourly/5/weatherIconUrl,hourly/5/weatherDesc,hourly/5/precipMM,hourly/5/precipInches,hourly/5/humidity,hourly/5/visibility,hourly/5/visibilityMiles,hourly/5/pressure,hourly/5/pressureInches,hourly/5/cloudcover,hourly/5/HeatIndexC,hourly/5/HeatIndexF,hourly/5/DewPointC,hourly/5/DewPointF,hourly/5/WindChillC,hourly/5/WindChillF,hourly/5/WindGustMiles,hourly/5/WindGustKmph,hourly/5/FeelsLikeC,hourly/5/FeelsLikeF,hourly/5/uvIndex,hourly/6/time,hourly/6/tempC,hourly/6/tempF,hourly/6/windspeedMiles,hourly/6/windspeedKmph,hourly/6/winddirDegree,hourly/6/winddir16Point,hourly/6/weatherCode,hourly/6/weatherIconUrl,hourly/6/weatherDesc,hourly/6/precipMM,hourly/6/precipInches,hourly/6/humidity,hourly/6/visibility,hourly/6/visibilityMiles,hourly/6/pressure,hourly/6/pressureInches,hourly/6/cloudcover,hourly/6/HeatIndexC,hourly/6/HeatIndexF,hourly/6/DewPointC,hourly/6/DewPointF,hourly/6/WindChillC,hourly/6/WindChillF,hourly/6/WindGustMiles,hourly/6/WindGustKmph,hourly/6/FeelsLikeC,hourly/6/FeelsLikeF,hourly/6/uvIndex,hourly/7/time,hourly/7/tempC,hourly/7/tempF,hourly/7/windspeedMiles,hourly/7/windspeedKmph,hourly/7/winddirDegree,hourly/7/winddir16Point,hourly/7/weatherCode,hourly/7/weatherIconUrl,hourly/7/weatherDesc,hourly/7/precipMM,hourly/7/precipInches,hourly/7/humidity,hourly/7/visibility,hourly/7/visibilityMiles,hourly/7/pressure,hourly/7/pressureInches,hourly/7/cloudcover,hourly/7/HeatIndexC,hourly/7/HeatIndexF,hourly/7/DewPointC,hourly/7/DewPointF,hourly/7/WindChillC,hourly/7/WindChillF,hourly/7/WindGustMiles,hourly/7/WindGustKmph,hourly/7/FeelsLikeC,hourly/7/FeelsLikeF,hourly/7/uvIndex
2011-06-01,05:50 AM,06:19 PM,05:08 AM,05:57 PM,New Moon,0,24,76,20,68,22,71,0.0,12.7,1,0,20,68,6,10,239,WSW,293,http://cdn.worldweatheronline.net/images/wsymbols01_png_64/wsymbol_0033_cloudy_with_light_rain_night.png,Patchy light rain,0.8,0.0,97,9,5,1007,30,71,20,68,20,67,20,68,10,16,20,68,1,300,20,68,6,10,232,SW,143,http://cdn.worldweatheronline.net/images/wsymbols01_png_64/wsymbol_0006_mist.png,Mist,0.0,0.0,97,2,1,1008,30,79,20,68,20,67,20,68,11,17,20,68,1,600,22,71,7,12,246,WSW,116,http://cdn.worldweatheronline.net/images/wsymbols01_png_64/wsymbol_0004_black_low_cloud.png,Partly cloudy,0.1,0.0,88,10,6,1009,30,37,24,76,20,68,22,71,10,15,22,71,1,900,24,76,6,10,239,WSW,116,http://cdn.worldweatheronline.net/images/wsymbols01_png_64/wsymbol_0002_sunny_intervals.png,Partly cloudy,0.0,0.0,78,10,6,1008,30,34,26,79,20,68,24,76,8,13,26,79,1,1200,24,75,9,14,249,WSW,176,http://cdn.worldweatheronline.net/images/wsymbols01_png_64/wsymbol_0009_light_rain_showers.png,Patchy rain possible,1.3,0.1,79,9,5,1007,30,36,26,79,20,68,24,75,12,19,26,79,1,1500,22,72,6,9,257,WSW,116,http://cdn.worldweatheronline.net/images/wsymbols01_png_64/wsymbol_0002_sunny_intervals.png,Partly cloudy,0.0,0.0,86,10,6,1007,30,39,25,76,20,68,22,72,9,14,25,76,1,1800,21,69,7,11,250,WSW,263,http://cdn.worldweatheronline.net/images/wsymbols01_png_64/wsymbol_0009_light_rain_showers.png,Patchy light drizzle,0.4,0.0,94,5,3,1009,30,60,21,69,20,67,21,69,11,17,21,69,1,2100,20,68,5,9,256,WSW,143,http://cdn.worldweatheronline.net/images/wsymbols01_png_64/wsymbol_0006_mist.png,Mist,0.0,0.0,96,2,1,1010,30,72,20,68,19,67,20,68,9,15,20,68,1
2011-06-02,05:50 AM,06:20 PM,06:00 AM,06:50 PM,Waxing Crescent,2,27,80,19,67,22,72,0.0,12.7,1,0,19,67,7,11,244,WSW,263,http://cdn.worldweatheronline.net/images/wsymbols01_png_64/wsymbol_0025_light_rain_showers_night.png,Patchy light drizzle,0.6,0.0,97,5,3,1008,30,70,19,67,19,66,19,67,12,19,19,67,1,300,19,67,6,10,260,W,248,http://cdn.worldweatheronline.net/images/wsymbols01_png_64/wsymbol_0007_fog.png,Fog,0.0,0.0,97,0,0,1008,30,100,19,67,19,66,19,67,11,18,19,67,1,600,21,70,6,10,252,WSW,122,http://cdn.worldweatheronline.net/images/wsymbols01_png_64/wsymbol_0004_black_low_cloud.png,Overcast,0.0,0.0,89,10,6,1010,30,100,24,76,19,67,21,70,9,15,21,70,1,900,27,80,9,14,245,WSW,116,http://cdn.worldweatheronline.net/images/wsymbols01_png_64/wsymbol_0002_sunny_intervals.png,Partly cloudy,0.0,0.0,61,10,6,1009,30,46,28,82,19,65,27,80,10,16,28,82,1,1200,27,80,9,15,253,WSW,116,http://cdn.worldweatheronline.net/images/wsymbols01_png_64/wsymbol_0002_sunny_intervals.png,Partly cloudy,0.0,0.0,59,10,6,1007,30,47,28,82,18,65,27,80,11,17,28,82,1,1500,22,72,5,8,239,WSW,116,http://cdn.worldweatheronline.net/images/wsymbols01_png_64/wsymbol_0002_sunny_intervals.png,Partly cloudy,0.0,0.0,81,10,6,1008,30,55,25,76,19,66,22,72,8,12,25,76,1,1800,21,69,6,9,249,WSW,116,http://cdn.worldweatheronline.net/images/wsymbols01_png_64/wsymbol_0002_sunny_intervals.png,Partly cloudy,0.0,0.0,92,10,6,1010,30,45,21,69,19,67,21,69,10,16,21,69,1,2100,20,68,5,8,250,WSW,116,http://cdn.worldweatheronline.net/images/wsymbols01_png_64/wsymbol_0004_black_low_cloud.png,Partly cloudy,0.0,0.0,94,10,6,1010,30,60,20,68,19,66,20,68,8,13,20,68,1
2011-06-03,05:50 AM,06:20 PM,06:54 AM,07:44 PM,Waxing Crescent,10,28,83,20,67,23,73,0.0,12.7,1,0,20,68,5,8,248,WSW,122,http://cdn.worldweatheronline.net/images/wsymbols01_png_64/wsymbol_0004_black_low_cloud.png,Overcast,0.0,0.0,92,10,6,1009,30,100,20,67,18,65,20,67,10,15,20,67,1,300,20,67,5,8,265,W,143,http://cdn.worldweatheronline.net/images/wsymbols01_png_64/wsymbol_0006_mist.png,Mist,0.0,0.0,94,2,1,1010,30,78,20,67,19,66,20,67,8,13,20,67,1,600,23,73,6,9,263,W,116,http://cdn.worldweatheronline.net/images/wsymbols01_png_64/wsymbol_0004_black_low_cloud.png,Partly cloudy,0.0,0.0,80,10,6,1011,30,61,25,77,19,66,23,73,7,11,25,77,1,900,27,81,6,10,250,WSW,116,http://cdn.worldweatheronline.net/images/wsymbols01_png_64/wsymbol_0002_sunny_intervals.png,Partly cloudy,0.0,0.0,52,10,6,1009,30,42,28,83,17,62,28,82,7,11,28,83,1,1200,28,83,9,14,255,WSW,116,http://cdn.worldweatheronline.net/images/wsymbols01_png_64/wsymbol_0002_sunny_intervals.png,Partly cloudy,0.0,0.0,49,10,6,1007,30,43,29,84,17,62,28,83,10,16,29,84,1,1500,24,75,4,7,256,WSW,116,http://cdn.worldweatheronline.net/images/wsymbols01_png_64/wsymbol_0002_sunny_intervals.png,Partly cloudy,0.0,0.0,74,10,6,1007,30,28,26,79,19,66,24,75,7,12,26,79,1,1800,21,70,6,10,254,WSW,116,http://cdn.worldweatheronline.net/images/wsymbols01_png_64/wsymbol_0002_sunny_intervals.png,Partly cloudy,0.0,0.0,90,10,6,1010,30,34,21,70,19,67,21,70,10,17,21,70,1,2100,20,69,5,8,264,W,116,http://cdn.worldweatheronline.net/images/wsymbols01_png_64/wsymbol_0004_black_low_cloud.png,Partly cloudy,0.0,0.0,92,10,6,1010,30,49,20,69,19,66,20,69,9,14,20,69,1
2011-06-04,05:50 AM,06:20 PM,07:49 AM,08:37 PM,Waxing Crescent,17,29,85,20,68,23,74,0.0,12.7,1,0,20,68,4,7,252,WSW,116,http://cdn.worldweatheronline.net/images/wsymbols01_png_64/wsymbol_0004_black_low_cloud.png,Partly cloudy,0.0,0.0,92,10,6,1009,30,53,20,69,19,66,20,69,8,13,20,69,1,300,20,68,4,7,263,W,119,http://cdn.worldweatheronline.net/images/wsymbols01_png_64/wsymbol_0003_white_cloud.png,Cloudy,0.0,0.0,94,10,6,1008,30,63,20,68,19,66,20,68,8,12,20,68,1,600,24,75,5,9,260,W,116,http://cdn.worldweatheronline.net/images/wsymbols01_png_64/wsymbol_0004_black_low_cloud.png,Partly cloudy,0.0,0.0,75,10,6,1009,30,27,26,79,19,67,24,75,6,10,26,79,1,900,29,85,4,7,295,WNW,113,http://cdn.worldweatheronline.net/images/wsymbols01_png_64/wsymbol_0001_sunny.png,Sunny,0.0,0.0,55,10,6,1009,30,22,31,88,19,67,29,85,5,8,31,88,1,1200,27,81,6,10,273,W,356,http://cdn.worldweatheronline.net/images/wsymbols01_png_64/wsymbol_0010_heavy_rain_showers.png,Moderate or heavy rain shower,4.6,0.2,71,7,4,1006,30,30,29,85,21,70,27,81,12,19,29,85,1,1500,24,75,6,9,279,W,119,http://cdn.worldweatheronline.net/images/wsymbols01_png_64/wsymbol_0003_white_cloud.png,Cloudy,0.0,0.0,81,10,6,1006,30,68,26,79,21,69,24,75,9,14,26,79,1,1800,21,70,4,7,267,W,176,http://cdn.worldweatheronline.net/images/wsymbols01_png_64/wsymbol_0009_light_rain_showers.png,Patchy rain possible,1.8,0.1,94,9,5,1009,30,37,21,70,20,68,21,70,8,13,21,70,1,2100,20,69,5,8,260,W,143,http://cdn.worldweatheronline.net/images/wsymbols01_png_64/wsymbol_0006_mist.png,Mist,0.0,0.0,96,2,1,1009,30,52,20,69,20,67,20,69,9,14,20,69,1
2011-06-05,05:50 AM,06:20 PM,08:44 AM,09:28 PM,Waxing Crescent,25,28,83,19,67,23,73,0.0,12.7,1,0,20,68,5,8,257,WSW,353,http://cdn.worldweatheronline.net/images/wsymbols01_png_64/wsymbol_0025_light_rain_showers_night.png,Light rain shower,0.3,0.0,96,10,6,1008,30,59,20,68,19,67,20,68,10,16,20,68,1,300,19,67,4,7,274,W,248,http://cdn.worldweatheronline.net/images/wsymbols01_png_64/wsymbol_0007_fog.png,Fog,0.0,0.0,97,0,0,1008,30,100,19,67,19,66,19,67,8,13,19,67,1,600,24,74,6,9,262,W,113,http://cdn.worldweatheronline.net/images/wsymbols01_png_64/wsymbol_0008_clear_sky_night.png,Clear,0.0,0.0,78,10,6,1008,30,11,26,78,20,67,24,74,7,11,26,78,1,900,28,83,6,9,294,WNW,113,http://cdn.worldweatheronline.net/images/wsymbols01_png_64/wsymbol_0001_sunny.png,Sunny,0.0,0.0,59,10,6,1008,30,21,30,86,20,67,28,83,7,11,30,86,1,1200,27,81,7,12,270,W,356,http://cdn.worldweatheronline.net/images/wsymbols01_png_64/wsymbol_0010_heavy_rain_showers.png,Moderate or heavy rain shower,2.7,0.1,70,7,4,1006,30,25,30,86,21,71,27,81,12,20,30,86,1,1500,24,75,4,6,292,WNW,116,http://cdn.worldweatheronline.net/images/wsymbols01_png_64/wsymbol_0002_sunny_intervals.png,Partly cloudy,0.0,0.0,85,10,6,1007,30,26,26,79,21,70,24,75,6,10,26,79,1,1800,21,70,5,8,269,W,356,http://cdn.worldweatheronline.net/images/wsymbols01_png_64/wsymbol_0010_heavy_rain_showers.png,Moderate or heavy rain shower,2.7,0.1,94,7,4,1009,30,44,24,76,20,68,21,70,9,14,21,70,1,2100,21,69,4,6,241,WSW,143,http://cdn.worldweatheronline.net/images/wsymbols01_png_64/wsymbol_0006_mist.png,Mist,0.0,0.0,96,2,1,1009,30,60,21,69,20,68,21,69,7,11,21,69,1
2011-06-06,05:50 AM,06:21 PM,09:39 AM,10:17 PM,Waxing Crescent,32,28,83,20,68,23,73,0.0,11.9,1,0,20,69,5,8,249,WSW,143,http://cdn.worldweatheronline.net/images/wsymbols01_png_64/wsymbol_0006_mist.png,Mist,0.0,0.0,96,2,1,1008,30,66,20,69,20,67,20,69,8,13,20,69,1,300,20,68,7,12,268,W,143,http://cdn.worldweatheronline.net/images/wsymbols01_png_64/wsymbol_0006_mist.png,Mist,0.0,0.0,97,2,1,1008,30,79,20,68,20,67,20,68,12,20,20,68,1,600,23,74,6,9,254,WSW,116,http://cdn.worldweatheronline.net/images/wsymbols01_png_64/wsymbol_0004_black_low_cloud.png,Partly cloudy,0.0,0.0,84,10,6,1009,30,49,25,78,20,68,23,74,7,11,25,78,1,900,28,83,5,8,282,WNW,116,http://cdn.worldweatheronline.net/images/wsymbols01_png_64/wsymbol_0002_sunny_intervals.png,Partly cloudy,0.0,0.0,64,10,6,1008,30,55,30,87,21,69,28,83,6,9,30,87,1,1200,26,80,8,13,275,W,356,http://cdn.worldweatheronline.net/images/wsymbols01_png_64/wsymbol_0010_heavy_rain_showers.png,Moderate or heavy rain shower,5.3,0.2,72,7,4,1006,30,54,29,83,21,70,26,80,16,25,29,83,1,1500,22,72,3,5,290,WNW,122,http://cdn.worldweatheronline.net/images/wsymbols01_png_64/wsymbol_0004_black_low_cloud.png,Overcast,0.0,0.0,90,10,6,1007,30,100,25,76,21,69,22,72,5,8,25,76,1,1800,21,70,4,7,262,W,299,http://cdn.worldweatheronline.net/images/wsymbols01_png_64/wsymbol_0010_heavy_rain_showers.png,Moderate rain at times,3.7,0.1,94,8,4,1009,30,64,21,70,20,68,21,70,8,12,21,70,1,2100,20,69,4,6,264,W,143,http://cdn.worldweatheronline.net/images/wsymbols01_png_64/wsymbol_0006_mist.png,Mist,0.0,0.0,95,2,1,1009,30,75,21,69,20,67,21,69,7,11,21,69,1
2011-06-07,05:50 AM,06:21 PM,10:31 AM,11:04 PM,Waxing Crescent,40,27,80,20,68,23,73,0.0,12.7,1,0,20,68,4,7,258,WSW,143,http://cdn.worldweatheronline.net/images/wsymbols01_png_64/wsymbol_0006_mist.png,Mist,0.0,0.0,96,2,1,1008,30,70,20,68,19,67,20,68,8,13,20,68,1,300,20,68,4,7,247,WSW,143,http://cdn.worldweatheronline.net/images/wsymbols01_png_64/wsymbol_0006_mist.png,Mist,0.0,0.0,96,2,1,1008,30,73,20,68,19,67,20,68,8,13,20,68,1,600,22,72,5,9,243,WSW,116,http://cdn.worldweatheronline.net/images/wsymbols01_png_64/wsymbol_0004_black_low_cloud.png,Partly cloudy,0.0,0.0,88,10,6,1009,30,46,25,76,20,69,22,72,7,11,25,76,1,900,27,80,6,10,255,WSW,116,http://cdn.worldweatheronline.net/images/wsymbols01_png_64/wsymbol_0002_sunny_intervals.png,Partly cloudy,0.0,0.0,68,10,6,1009,30,54,29,84,20,69,27,80,7,12,29,84,1,1200,26,79,7,12,252,WSW,356,http://cdn.worldweatheronline.net/images/wsymbols01_png_64/wsymbol_0010_heavy_rain_showers.png,Moderate or heavy rain shower,2.6,0.1,73,7,4,1007,30,71,28,83,21,70,26,79,12,19,28,83,1,1500,23,74,5,8,259,WSW,356,http://cdn.worldweatheronline.net/images/wsymbols01_png_64/wsymbol_0010_heavy_rain_showers.png,Moderate or heavy rain shower,3.8,0.1,86,7,4,1007,30,46,25,78,21,69,23,74,8,13,25,78,1,1800,23,73,5,7,259,WSW,356,http://cdn.worldweatheronline.net/images/wsymbols01_png_64/wsymbol_0010_heavy_rain_showers.png,Moderate or heavy rain shower,3.4,0.1,87,6,4,1007,30,47,25,76,20,69,23,73,8,13,25,76,1,2100,22,72,4,7,259,WSW,356,http://cdn.worldweatheronline.net/images/wsymbols01_png_64/wsymbol_0026_heavy_rain_showers_night.png,Moderate or heavy rain shower,2.8,0.1,88,6,3,1007,30,49,24,75,20,68,22,72,8,12,24,75,1
2011-06-08,05:51 AM,06:21 PM,11:24 AM,11:51 PM,First Quarter,48,28,83,19,67,24,75,0.0,12.7,1,0,21,70,4,7,259,WSW,356,http://cdn.worldweatheronline.net/images/wsymbols01_png_64/wsymbol_0026_heavy_rain_showers_night.png,Moderate or heavy rain shower,1.9,0.1,91,4,2,1008,30,53,22,72,20,67,21,70,7,12,21,70,1,300,19,67,4,6,259,WSW,143,http://cdn.worldweatheronline.net/images/wsymbols01_png_64/wsymbol_0006_mist.png,Mist,0.0,0.0,97,2,1,1008,30,60,19,67,19,66,19,67,7,11,19,67,1,600,23,73,4,7,257,WSW,116,http://cdn.worldweatheronline.net/images/wsymbols01_png_64/wsymbol_0004_black_low_cloud.png,Partly cloudy,0.0,0.0,78,10,6,1010,30,25,25,77,19,66,23,74,5,8,25,77,1,900,28,83,4,7,294,WNW,113,http://cdn.worldweatheronline.net/images/wsymbols01_png_64/wsymbol_0001_sunny.png,Sunny,0.0,0.0,56,10,6,1009,30,17,29,85,18,65,28,83,5,8,29,85,1,1200,28,83,6,10,250,WSW,176,http://cdn.worldweatheronline.net/images/wsymbols01_png_64/wsymbol_0009_light_rain_showers.png,Patchy rain possible,0.2,0.0,57,9,5,1006,30,18,30,86,19,66,28,83,8,12,30,86,1,1500,24,75,5,8,248,WSW,176,http://cdn.worldweatheronline.net/images/wsymbols01_png_64/wsymbol_0009_light_rain_showers.png,Patchy rain possible,0.3,0.0,77,9,5,1007,30,27,26,79,20,68,24,75,8,12,26,79,1,1800,24,75,5,8,246,WSW,176,http://cdn.worldweatheronline.net/images/wsymbols01_png_64/wsymbol_0009_light_rain_showers.png,Patchy rain possible,0.3,0.0,79,8,4,1007,30,35,25,77,20,68,24,75,8,12,25,77,1,2100,23,73,5,8,244,WSW,176,http://cdn.worldweatheronline.net/images/wsymbols01_png_64/wsymbol_0025_light_rain_showers_night.png,Patchy rain possible,0.2,0.0,82,7,4,1007,30,46,24,76,20,67,23,73,8,13,24,76,1
2011-06-09,05:51 AM,06:21 PM,12:16 PM,No moonset,First Quarter,55,28,82,20,68,23,74,0.0,12.7,1,0,22,71,5,8,240,WSW,176,http://cdn.worldweatheronline.net/images/wsymbols01_png_64/wsymbol_0025_light_rain_showers_night.png,Patchy rain possible,0.2,0.0,87,4,2,1007,30,64,23,73,20,67,22,71,8,13,22,71,1,300,20,68,5,8,232,SW,248,http://cdn.worldweatheronline.net/images/wsymbols01_png_64/wsymbol_0007_fog.png,Fog,0.0,0.0,97,0,0,1008,30,100,20,68,19,67,20,68,9,14,20,68,1,600,24,75,6,10,231,SW,116,http://cdn.worldweatheronline.net/images/wsymbols01_png_64/wsymbol_0004_black_low_cloud.png,Partly cloudy,0.0,0.0,77,10,6,1009,30,27,26,79,20,67,24,75,7,11,26,79,1,900,28,82,6,10,249,WSW,116,http://cdn.worldweatheronline.net/images/wsymbols01_png_64/wsymbol_0002_sunny_intervals.png,Partly cloudy,0.0,0.0,63,10,6,1008,30,35,30,86,20,69,28,82,7,12,30,86,1,1200,26,80,7,12,244,WSW,356,http://cdn.worldweatheronline.net/images/wsymbols01_png_64/wsymbol_0010_heavy_rain_showers.png,Moderate or heavy rain shower,6.1,0.2,74,7,4,1007,30,60,29,84,21,71,27,80,14,23,29,84,1,1500,23,74,6,10,240,WSW,116,http://cdn.worldweatheronline.net/images/wsymbols01_png_64/wsymbol_0002_sunny_intervals.png,Partly cloudy,0.0,0.0,83,10,6,1007,30,45,25,78,20,68,23,74,10,16,25,78,1,1800,21,70,5,8,232,SW,116,http://cdn.worldweatheronline.net/images/wsymbols01_png_64/wsymbol_0002_sunny_intervals.png,Partly cloudy,0.0,0.0,92,10,6,1008,30,46,21,70,20,67,21,70,8,13,21,70,1,2100,20,69,5,9,230,SW,143,http://cdn.worldweatheronline.net/images/wsymbols01_png_64/wsymbol_0006_mist.png,Mist,0.0,0.0,95,2,1,1009,30,58,20,69,20,67,20,69,9,15,20,69,1
2011-06-10,05:51 AM,06:22 PM,01:09 PM,12:37 AM,First Quarter,63,27,81,20,68,23,73,0.0,12.7,1,0,20,68,8,13,218,SW,143,http://cdn.worldweatheronline.net/images/wsymbols01_png_64/wsymbol_0006_mist.png,Mist,0.0,0.0,96,6,3,1008,30,69,20,68,19,67,20,68,13,21,20,68,1,300,20,68,10,17,206,SSW,119,http://cdn.worldweatheronline.net/images/wsymbols01_png_64/wsymbol_0003_white_cloud.png,Cloudy,0.0,0.0,97,10,6,1008,30,79,20,68,19,67,20,68,17,27,20,68,1,600,23,74,7,11,229,SW,116,http://cdn.worldweatheronline.net/images/wsymbols01_png_64/wsymbol_0004_black_low_cloud.png,Partly cloudy,0.1,0.0,82,10,6,1009,30,51,25,77,20,68,23,74,8,13,25,77,1,900,27,80,7,12,240,WSW,116,http://cdn.worldweatheronline.net/images/wsymbols01_png_64/wsymbol_0002_sunny_intervals.png,Partly cloudy,0.0,0.0,67,10,6,1008,30,55,28,83,20,68,27,80,9,14,28,83,1,1200,27,81,8,13,250,WSW,176,http://cdn.worldweatheronline.net/images/wsymbols01_png_64/wsymbol_0009_light_rain_showers.png,Patchy rain possible,0.3,0.0,63,9,5,1007,30,31,29,85,20,68,28,82,9,15,29,85,1,1500,24,74,4,6,255,WSW,116,http://cdn.worldweatheronline.net/images/wsymbols01_png_64/wsymbol_0002_sunny_intervals.png,Partly cloudy,0.0,0.0,82,10,6,1007,30,34,26,78,20,69,24,75,5,8,26,78,1,1800,21,70,5,8,238,WSW,116,http://cdn.worldweatheronline.net/images/wsymbols01_png_64/wsymbol_0002_sunny_intervals.png,Partly cloudy,0.0,0.0,92,10,6,1008,30,38,21,70,20,67,21,70,8,13,21,70,1,2100,20,68,5,8,235,SW,116,http://cdn.worldweatheronline.net/images/wsymbols01_png_64/wsymbol_0004_black_low_cloud.png,Partly cloudy,0.0,0.0,94,10,6,1008,30,47,20,68,19,66,20,68,9,14,20,68,1
2011-06-11,05:51 AM,06:22 PM,02:04 PM,01:26 AM,Waxing Gibbous,70,29,84,20,68,24,75,0.0,12.7,1,0,20,68,5,9,231,SW,116,http://cdn.worldweatheronline.net/images/wsymbols01_png_64/wsymbol_0004_black_low_cloud.png,Partly cloudy,0.0,0.0,95,6,3,1008,30,59,20,68,19,66,20,68,9,15,20,68,1,300,20,68,6,9,226,SW,143,http://cdn.worldweatheronline.net/images/wsymbols01_png_64/wsymbol_0006_mist.png,Mist,0.0,0.0,96,2,1,1008,30,70,20,67,19,66,20,67,10,16,20,67,1,600,23,74,5,9,229,SW,113,http://cdn.worldweatheronline.net/images/wsymbols01_png_64/wsymbol_0008_clear_sky_night.png,Clear,0.0,0.0,79,10,6,1009,30,20,25,78,20,67,23,74,6,10,25,78,1,900,29,84,6,10,246,WSW,113,http://cdn.worldweatheronline.net/images/wsymbols01_png_64/wsymbol_0001_sunny.png,Sunny,0.0,0.0,55,10,6,1008,30,24,30,87,19,66,29,84,7,12,30,87,1,1200,27,81,8,13,251,WSW,176,http://cdn.worldweatheronline.net/images/wsymbols01_png_64/wsymbol_0009_light_rain_showers.png,Patchy rain possible,2.0,0.1,67,9,5,1007,30,30,29,84,20,69,27,81,12,19,29,84,1,1500,24,75,6,10,243,WSW,356,http://cdn.worldweatheronline.net/images/wsymbols01_png_64/wsymbol_0010_heavy_rain_showers.png,Moderate or heavy rain shower,2.7,0.1,79,7,4,1007,30,21,26,79,20,68,24,75,10,17,26,79,1,1800,24,74,6,10,243,WSW,356,http://cdn.worldweatheronline.net/images/wsymbols01_png_64/wsymbol_0010_heavy_rain_showers.png,Moderate or heavy rain shower,2.4,0.1,81,6,3,1007,30,30,25,77,20,68,24,74,10,17,25,77,1,2100,23,73,6,10,242,WSW,356,http://cdn.worldweatheronline.net/images/wsymbols01_png_64/wsymbol_0026_heavy_rain_showers_night.png,Moderate or heavy rain shower,2.0,0.1,83,5,3,1007,30,41,24,76,20,68,23,73,10,17,24,76,1
2011-06-12,05:51 AM,06:22 PM,03:01 PM,02:16 AM,Waxing Gibbous,78,29,84,20,67,24,75,0.0,12.7,1,0,22,71,6,10,242,WSW,356,http://cdn.worldweatheronline.net/images/wsymbols01_png_64/wsymbol_0026_heavy_rain_showers_night.png,Moderate or heavy rain shower,1.3,0.1,88,3,2,1007,30,61,23,73,20,67,22,71,10,17,22,71,1,300,20,67,6,10,241,WSW,248,http://cdn.worldweatheronline.net/images/wsymbols01_png_64/wsymbol_0007_fog.png,Fog,0.0,0.0,97,0,0,1008,30,100,20,67,19,67,20,67,11,17,20,67,1,600,23,74,6,10,234,SW,113,http://cdn.worldweatheronline.net/images/wsymbols01_png_64/wsymbol_0008_clear_sky_night.png,Clear,0.0,0.0,80,10,6,1009,30,22,25,78,20,67,23,74,7,12,25,78,1,900,29,84,8,12,235,SW,113,http://cdn.worldweatheronline.net/images/wsymbols01_png_64/wsymbol_0001_sunny.png,Sunny,0.0,0.0,55,10,6,1009,30,22,30,87,19,66,29,84,9,14,30,87,1,1200,28,82,8,13,240,WSW,176,http://cdn.worldweatheronline.net/images/wsymbols01_png_64/wsymbol_0009_light_rain_showers.png,Patchy rain possible,1.0,0.0,63,9,5,1007,30,25,29,85,20,68,28,82,11,18,29,85,1,1500,24,76,6,10,241,WSW,176,http://cdn.worldweatheronline.net/images/wsymbols01_png_64/wsymbol_0009_light_rain_showers.png,Patchy rain possible,1.6,0.1,75,9,5,1008,30,36,26,79,20,67,24,76,9,15,26,79,1,1800,24,75,6,10,241,WSW,176,http://cdn.worldweatheronline.net/images/wsymbols01_png_64/wsymbol_0009_light_rain_showers.png,Patchy rain possible,1.4,0.1,78,8,5,1008,30,39,25,78,20,67,24,75,9,15,25,78,1,2100,23,73,6,10,241,WSW,176,http://cdn.worldweatheronline.net/images/wsymbols01_png_64/wsymbol_0025_light_rain_showers_night.png,Patchy rain possible,1.2,0.0,81,7,4,1008,30,42,24,76,19,67,23,73,9,15,24,76,1
2011-06-13,05:51 AM,06:22 PM,04:01 PM,03:10 AM,Waxing Gibbous,85,27,81,19,67,23,73,0.0,12.7,1,0,22,71,6,9,241,WSW,176,http://cdn.worldweatheronline.net/images/wsymbols01_png_64/wsymbol_0025_light_rain_showers_night.png,Patchy rain possible,0.8,0.0,86,5,3,1009,30,48,23,73,19,67,22,71,9,15,22,71,1,300,19,67,5,8,240,WSW,143,http://cdn.worldweatheronline.net/images/wsymbols01_png_64/wsymbol_0006_mist.png,Mist,0.0,0.0,97,2,1,1009,30,61,19,67,19,66,19,67,9,15,19,67,1,600,24,75,6,10,238,WSW,116,http://cdn.worldweatheronline.net/images/wsymbols01_png_64/wsymbol_0004_black_low_cloud.png,Partly cloudy,0.0,0.0,76,10,6,1011,30,27,26,78,19,67,24,75,7,11,26,78,1,900,27,81,7,12,248,WSW,116,http://cdn.worldweatheronline.net/images/wsymbols01_png_64/wsymbol_0002_sunny_intervals.png,Partly cloudy,0.0,0.0,64,10,6,1010,30,28,29,84,20,67,27,81,8,13,29,84,1,1200,27,81,9,14,255,WSW,176,http://cdn.worldweatheronline.net/images/wsymbols01_png_64/wsymbol_0009_light_rain_showers.png,Patchy rain possible,1.3,0.1,60,9,5,1008,30,28,29,84,19,66,27,81,12,19,29,84,1,1500,24,75,4,6,279,W,116,http://cdn.worldweatheronline.net/images/wsymbols01_png_64/wsymbol_0002_sunny_intervals.png,Partly cloudy,0.0,0.0,75,10,6,1008,30,36,26,78,19,67,24,75,6,10,26,78,1,1800,21,70,6,9,259,W,116,http://cdn.worldweatheronline.net/images/wsymbols01_png_64/wsymbol_0002_sunny_intervals.png,Partly cloudy,0.0,0.0,89,10,6,1011,30,26,21,70,19,66,21,70,9,15,21,70,1,2100,20,68,7,11,253,WSW,116,http://cdn.worldweatheronline.net/images/wsymbols01_png_64/wsymbol_0004_black_low_cloud.png,Partly cloudy,0.0,0.0,92,10,6,1011,30,53,20,68,19,66,20,68,11,17,20,68,1
2011-06-14,05:51 AM,06:23 PM,05:02 PM,04:06 AM,Waxing Gibbous,93,24,76,20,67,21,70,0.0,9.3,1,0,20,68,6,10,247,WSW,116,http://cdn.worldweatheronline.net/images/wsymbols01_png_64/wsymbol_0004_black_low_cloud.png,Partly cloudy,0.0,0.0,94,10,6,1010,30,58,20,68,19,66,20,68,10,17,20,68,1,300,20,68,7,11,240,WSW,143,http://cdn.worldweatheronline.net/images/wsymbols01_png_64/wsymbol_0006_mist.png,Mist,0.0,0.0,95,2,1,1009,30,72,20,68,19,67,20,68,11,18,20,68,1,600,23,73,8,13,238,WSW,116,http://cdn.worldweatheronline.net/images/wsymbols01_png_64/wsymbol_0004_black_low_cloud.png,Partly cloudy,0.1,0.0,81,10,6,1011,30,57,25,77,19,67,23,73,10,16,25,77,1,900,24,76,8,12,254,WSW,122,http://cdn.worldweatheronline.net/images/wsymbols01_png_64/wsymbol_0004_black_low_cloud.png,Overcast,0.0,0.0,73,10,6,1011,30,96,26,79,19,67,24,76,9,15,26,79,1,1200,22,72,7,12,253,WSW,293,http://cdn.worldweatheronline.net/images/wsymbols01_png_64/wsymbol_0017_cloudy_with_light_rain.png,Patchy light rain,1.7,0.1,85,9,5,1010,30,72,25,76,20,67,22,72,10,17,25,76,1,1500,21,70,4,6,276,W,122,http://cdn.worldweatheronline.net/images/wsymbols01_png_64/wsymbol_0004_black_low_cloud.png,Overcast,0.0,0.0,91,10,6,1009,30,100,24,76,20,67,21,70,6,9,21,70,1,1800,20,68,6,9,253,WSW,353,http://cdn.worldweatheronline.net/images/wsymbols01_png_64/wsymbol_0009_light_rain_showers.png,Light rain shower,0.6,0.0,95,10,6,1011,30,67,20,68,19,67,20,68,10,16,20,68,1,2100,20,67,6,9,247,WSW,143,http://cdn.worldweatheronline.net/images/wsymbols01_png_64/wsymbol_0006_mist.png,Mist,0.0,0.0,95,2,1,1011,30,76,20,67,19,66,20,67,10,15,20,67,1
2011-06-15,05:52 AM,06:23 PM,06:02 PM,05:06 AM,Full Moon,100,27,80,19,66,22,72,0.0,12.7,1,0,19,66,6,10,245,WSW,143,http://cdn.worldweatheronline.net/images/wsymbols01_png_64/wsymbol_0006_mist.png,Mist,0.0,0.0,97,2,1,1010,30,74,19,66,19,65,19,66,10,17,19,66,1,300,19,67,5,9,266,W,143,http://cdn.worldweatheronline.net/images/wsymbols01_png_64/wsymbol_0006_mist.png,Mist,0.0,0.0,97,2,1,1010,30,83,19,67,19,66,19,67,9,14,19,67,1,600,22,72,7,12,259,W,116,http://cdn.worldweatheronline.net/images/wsymbols01_png_64/wsymbol_0004_black_low_cloud.png,Partly cloudy,0.1,0.0,82,10,6,1011,30,40,25,76,19,66,22,72,9,14,25,76,1,900,26,80,8,13,279,W,113,http://cdn.worldweatheronline.net/images/wsymbols01_png_64/wsymbol_0001_sunny.png,Sunny,0.0,0.0,61,10,6,1011,30,25,28,82,18,65,26,80,10,15,28,82,1,1200,27,80,10,16,265,W,113,http://cdn.worldweatheronline.net/images/wsymbols01_png_64/wsymbol_0001_sunny.png,Sunny,0.1,0.0,59,10,6,1009,30,23,28,83,18,65,27,80,11,18,28,83,1,1500,23,74,7,11,274,W,116,http://cdn.worldweatheronline.net/images/wsymbols01_png_64/wsymbol_0002_sunny_intervals.png,Partly cloudy,0.0,0.0,78,10,6,1009,30,41,25,77,19,67,23,74,10,16,25,77,1,1800,21,70,6,10,259,W,176,http://cdn.worldweatheronline.net/images/wsymbols01_png_64/wsymbol_0009_light_rain_showers.png,Patchy rain possible,0.2,0.0,90,9,5,1011,30,47,24,75,19,67,21,70,10,16,21,70,1,2100,21,69,7,12,258,WSW,119,http://cdn.worldweatheronline.net/images/wsymbols01_png_64/wsymbol_0003_white_cloud.png,Cloudy,0.0,0.0,93,10,6,1011,30,66,21,69,19,67,21,69,11,18,21,69,1
2011-06-16,05:52 AM,06:23 PM,07:00 PM,06:05 AM,Full Moon,100,28,83,20,68,23,73,0.0,12.7,1,0,20,69,6,10,253,WSW,119,http://cdn.worldweatheronline.net/images/wsymbols01_png_64/wsymbol_0003_white_cloud.png,Cloudy,0.0,0.0,94,10,6,1010,30,75,20,69,19,67,20,69,10,16,20,69,1,300,20,68,5,8,278,W,143,http://cdn.worldweatheronline.net/images/wsymbols01_png_64/wsymbol_0006_mist.png,Mist,0.0,0.0,96,2,1,1010,30,73,20,68,19,67,20,68,8,13,20,68,1,600,23,73,6,10,256,WSW,116,http://cdn.worldweatheronline.net/images/wsymbols01_png_64/wsymbol_0004_black_low_cloud.png,Partly cloudy,0.0,0.0,80,10,6,1011,30,31,25,77,19,67,23,73,7,12,25,77,1,900,28,83,8,13,267,W,116,http://cdn.worldweatheronline.net/images/wsymbols01_png_64/wsymbol_0002_sunny_intervals.png,Partly cloudy,0.0,0.0,55,10,6,1010,30,26,29,85,18,65,28,83,9,15,29,85,1,1200,28,83,11,17,271,W,113,http://cdn.worldweatheronline.net/images/wsymbols01_png_64/wsymbol_0001_sunny.png,Sunny,0.1,0.0,54,10,6,1008,30,17,29,85,18,64,28,83,12,20,29,85,1,1500,24,75,7,12,264,W,113,http://cdn.worldweatheronline.net/images/wsymbols01_png_64/wsymbol_0001_sunny.png,Sunny,0.0,0.0,72,10,6,1008,30,14,26,78,18,65,24,75,11,18,26,78,1,1800,21,69,6,10,260,W,116,http://cdn.worldweatheronline.net/images/wsymbols01_png_64/wsymbol_0002_sunny_intervals.png,Partly cloudy,0.0,0.0,90,10,6,1010,30,26,21,69,19,66,21,69,10,17,21,69,1,2100,20,68,4,6,237,WSW,116,http://cdn.worldweatheronline.net/images/wsymbols01_png_64/wsymbol_0004_black_low_cloud.png,Partly cloudy,0.0,0.0,93,10,6,1011,30,42,20,68,19,66,20,68,6,10,20,68,1
2011-06-17,05:52 AM,06:23 PM,07:54 PM,07:03 AM,Waxing Gibbous,85,28,82,19,67,23,73,0.0,12.7,1,0,19,67,6,10,262,W,143,http://cdn.worldweatheronline.net/images/wsymbols01_png_64/wsymbol_0006_mist.png,Mist,0.0,0.0,95,2,1,1010,30,57,19,67,18,65,19,67,11,17,19,67,1,300,19,67,6,10,258,WSW,143,http://cdn.worldweatheronline.net/images/wsymbols01_png_64/wsymbol_0006_mist.png,Mist,0.0,0.0,94,2,1,1009,30,56,19,67,18,65,19,67,11,17,19,67,1,600,23,73,7,12,256,WSW,113,http://cdn.worldweatheronline.net/images/wsymbols01_png_64/wsymbol_0008_clear_sky_night.png,Clear,0.0,0.0,76,10,6,1010,30,24,25,77,19,65,23,73,8,13,25,77,1,900,28,82,9,14,265,W,113,http://cdn.worldweatheronline.net/images/wsymbols01_png_64/wsymbol_0001_sunny.png,Sunny,0.0,0.0,55,10,6,1010,30,18,29,85,18,65,28,82,10,17,29,85,1,1200,28,82,11,18,262,W,176,http://cdn.worldweatheronline.net/images/wsymbols01_png_64/wsymbol_0009_light_rain_showers.png,Patchy rain possible,0.6,0.0,55,9,5,1008,30,19,29,84,18,64,28,82,14,22,29,84,1,1500,24,75,8,12,258,WSW,113,http://cdn.worldweatheronline.net/images/wsymbols01_png_64/wsymbol_0001_sunny.png,Sunny,0.0,0.0,71,10,6,1007,30,13,25,78,18,65,24,75,10,16,25,78,1,1800,20,68,6,10,254,WSW,116,http://cdn.worldweatheronline.net/images/wsymbols01_png_64/wsymbol_0002_sunny_intervals.png,Partly cloudy,0.0,0.0,91,10,6,1009,30,26,20,68,19,65,20,68,11,17,20,68,1,2100,20,68,7,11,270,W,116,http://cdn.worldweatheronline.net/images/wsymbols01_png_64/wsymbol_0004_black_low_cloud.png,Partly cloudy,0.0,0.0,93,10,6,1010,30,42,20,68,19,66,20,68,11,18,20,68,1
2011-06-18,05:52 AM,06:24 PM,08:43 PM,07:58 AM,Waxing Gibbous,77,28,83,19,67,23,73,0.0,12.7,1,0,20,67,7,12,257,WSW,116,http://cdn.worldweatheronline.net/images/wsymbols01_png_64/wsymbol_0004_black_low_cloud.png,Partly cloudy,0.0,0.0,94,10,6,1009,30,50,20,67,18,65,20,67,12,19,20,67,1,300,19,67,4,7,272,W,143,http://cdn.worldweatheronline.net/images/wsymbols01_png_64/wsymbol_0006_mist.png,Mist,0.0,0.0,95,2,1,1008,30,51,20,67,19,65,20,67,7,12,20,67,1,600,24,75,9,15,268,W,113,http://cdn.worldweatheronline.net/images/wsymbols01_png_64/wsymbol_0008_clear_sky_night.png,Clear,0.0,0.0,72,10,6,1009,30,8,26,78,19,65,24,75,11,17,26,78,1,900,28,82,8,13,273,W,113,http://cdn.worldweatheronline.net/images/wsymbols01_png_64/wsymbol_0001_sunny.png,Sunny,0.0,0.0,56,10,6,1009,30,19,29,84,18,65,28,82,10,15,29,84,1,1200,28,83,11,17,273,W,113,http://cdn.worldweatheronline.net/images/wsymbols01_png_64/wsymbol_0001_sunny.png,Sunny,0.1,0.0,51,10,6,1007,30,14,29,85,17,63,29,83,12,20,29,85,1,1500,24,76,5,8,286,WNW,113,http://cdn.worldweatheronline.net/images/wsymbols01_png_64/wsymbol_0001_sunny.png,Sunny,0.0,0.0,67,10,6,1006,30,4,26,78,18,64,24,76,8,13,26,78,1,1800,20,68,6,9,259,W,113,http://cdn.worldweatheronline.net/images/wsymbols01_png_64/wsymbol_0001_sunny.png,Sunny,0.0,0.0,89,10,6,1008,30,12,20,68,18,65,20,68,10,15,20,68,1,2100,20,67,6,10,249,WSW,116,http://cdn.worldweatheronline.net/images/wsymbols01_png_64/wsymbol_0004_black_low_cloud.png,Partly cloudy,0.0,0.0,94,10,6,1009,30,39,20,67,19,65,20,67,11,18,20,67,1
2011-06-19,05:52 AM,06:24 PM,09:29 PM,08:50 AM,Waning Gibbous,69,28,83,19,65,22,72,0.0,12.7,1,0,20,67,7,11,256,WSW,143,http://cdn.worldweatheronline.net/images/wsymbols01_png_64/wsymbol_0006_mist.png,Mist,0.0,0.0,95,2,1,1008,30,51,20,67,19,66,20,67,11,18,20,67,1,300,19,66,5,9,275,W,143,http://cdn.worldweatheronline.net/images/wsymbols01_png_64/wsymbol_0006_mist.png,Mist,0.0,0.0,96,2,1,1007,30,53,19,66,18,65,19,66,9,15,19,66,1,600,24,75,9,14,268,W,113,http://cdn.worldweatheronline.net/images/wsymbols01_png_64/wsymbol_0008_clear_sky_night.png,Clear,0.0,0.0,71,10,6,1008,30,5,26,78,18,65,24,75,10,16,26,78,1,900,28,83,10,16,272,W,113,http://cdn.worldweatheronline.net/images/wsymbols01_png_64/wsymbol_0001_sunny.png,Sunny,0.0,0.0,50,10,6,1008,30,9,29,84,17,63,28,83,11,18,29,84,1,1200,26,80,8,12,272,W,113,http://cdn.worldweatheronline.net/images/wsymbols01_png_64/wsymbol_0001_sunny.png,Sunny,0.0,0.0,57,10,6,1006,30,5,28,82,17,63,26,80,10,16,28,82,1,1500,25,76,5,9,272,W,113,http://cdn.worldweatheronline.net/images/wsymbols01_png_64/wsymbol_0001_sunny.png,Sunny,0.0,0.0,64,10,6,1005,30,2,26,79,17,63,25,76,8,13,26,79,1,1800,19,67,5,9,259,W,113,http://cdn.worldweatheronline.net/images/wsymbols01_png_64/wsymbol_0001_sunny.png,Sunny,0.0,0.0,88,10,6,1007,30,4,19,67,17,63,19,67,11,18,19,67,1,2100,19,65,5,8,237,WSW,113,http://cdn.worldweatheronline.net/images/wsymbols01_png_64/wsymbol_0008_clear_sky_night.png,Clear,0.0,0.0,88,10,6,1007,30,4,19,65,16,62,19,65,10,17,19,65,1
2011-06-20,05:53 AM,06:24 PM,10:10 PM,09:39 AM,Waning Gibbous,62,29,84,19,66,23,73,0.0,12.7,1,0,19,66,6,9,248,WSW,116,http://cdn.worldweatheronline.net/images/wsymbols01_png_64/wsymbol_0004_black_low_cloud.png,Partly cloudy,0.0,0.0,91,10,6,1007,30,29,19,66,17,63,19,66,11,18,19,66,1,300,20,68,6,10,250,WSW,143,http://cdn.worldweatheronline.net/images/wsymbols01_png_64/wsymbol_0006_mist.png,Mist,0.0,0.0,94,2,1,1008,30,57,20,68,19,66,20,68,11,18,20,68,1,600,23,74,7,11,264,W,116,http://cdn.worldweatheronline.net/images/wsymbols01_png_64/wsymbol_0004_black_low_cloud.png,Partly cloudy,0.1,0.0,76,10,6,1008,30,27,25,77,19,66,23,74,8,12,25,77,1,900,29,84,4,7,288,WNW,116,http://cdn.worldweatheronline.net/images/wsymbols01_png_64/wsymbol_0002_sunny_intervals.png,Partly cloudy,0.0,0.0,57,10,6,1008,30,29,30,87,19,67,29,84,5,8,30,87,1,1200,29,84,10,16,275,W,176,http://cdn.worldweatheronline.net/images/wsymbols01_png_64/wsymbol_0009_light_rain_showers.png,Patchy rain possible,0.2,0.0,53,9,5,1005,30,18,30,86,18,65,29,83,11,18,30,86,1,1500,25,76,6,9,270,W,113,http://cdn.worldweatheronline.net/images/wsymbols01_png_64/wsymbol_0001_sunny.png,Sunny,0.0,0.0,68,10,6,1007,30,10,26,79,18,65,25,76,8,13,26,79,1,1800,20,69,5,8,257,WSW,113,http://cdn.worldweatheronline.net/images/wsymbols01_png_64/wsymbol_0001_sunny.png,Sunny,0.0,0.0,90,10,6,1009,30,24,20,69,19,66,20,69,9,15,20,69,1,2100,20,69,5,8,267,W,116,http://cdn.worldweatheronline.net/images/wsymbols01_png_64/wsymbol_0004_black_low_cloud.png,Partly cloudy,0.0,0.0,92,10,6,1009,30,41,20,69,19,66,20,69,8,14,20,69,1
2011-06-21,05:53 AM,06:24 PM,10:50 PM,10:24 AM,Waning Gibbous,54,29,85,19,67,23,74,0.0,12.7,1,0,20,68,6,9,250,WSW,143,http://cdn.worldweatheronline.net/images/wsymbols01_png_64/wsymbol_0006_mist.png,Mist,0.0,0.0,94,2,1,1009,30,49,20,68,19,66,20,68,10,16,20,68,1,300,19,67,4,7,288,WNW,143,http://cdn.worldweatheronline.net/images/wsymbols01_png_64/wsymbol_0006_mist.png,Mist,0.0,0.0,96,2,1,1008,30,59,20,67,19,66,20,67,8,12,20,67,1,600,24,75,7,11,269,W,113,http://cdn.worldweatheronline.net/images/wsymbols01_png_64/wsymbol_0008_clear_sky_night.png,Clear,0.0,0.0,74,10,6,1010,30,16,26,78,19,66,24,75,8,12,26,78,1,900,29,85,4,6,299,WNW,113,http://cdn.worldweatheronline.net/images/wsymbols01_png_64/wsymbol_0001_sunny.png,Sunny,0.0,0.0,51,10,6,1009,30,18,31,88,18,65,30,85,5,7,31,88,1,1200,29,84,6,10,265,W,176,http://cdn.worldweatheronline.net/images/wsymbols01_png_64/wsymbol_0009_light_rain_showers.png,Patchy rain possible,2.1,0.1,56,9,5,1006,30,13,30,87,19,66,29,84,10,16,30,87,1,1500,24,76,3,5,337,NNW,113,http://cdn.worldweatheronline.net/images/wsymbols01_png_64/wsymbol_0001_sunny.png,Sunny,0.0,0.0,73,10,6,1006,30,8,27,80,20,67,25,77,5,8,27,80,1,1800,20,68,4,6,270,W,113,http://cdn.worldweatheronline.net/images/wsymbols01_png_64/wsymbol_0001_sunny.png,Sunny,0.7,0.0,89,10,6,1009,30,7,20,69,19,65,20,69,8,14,20,69,1,2100,19,67,6,9,253,WSW,176,http://cdn.worldweatheronline.net/images/wsymbols01_png_64/wsymbol_0025_light_rain_showers_night.png,Patchy rain possible,0.7,0.0,95,9,5,1009,30,40,19,67,18,65,19,67,11,18,19,67,1
2011-06-22,05:53 AM,06:24 PM,11:30 PM,11:09 AM,Last Quarter,47,29,85,19,66,23,73,0.0,12.7,1,0,19,67,6,10,267,W,176,http://cdn.worldweatheronline.net/images/wsymbols01_png_64/wsymbol_0025_light_rain_showers_night.png,Patchy rain possible,0.3,0.0,96,6,3,1008,30,49,19,67,19,65,19,67,12,19,19,67,1,300,19,66,7,12,281,WNW,143,http://cdn.worldweatheronline.net/images/wsymbols01_png_64/wsymbol_0006_mist.png,Mist,0.0,0.0,97,2,1,1008,30,59,19,67,19,66,19,67,12,20,19,67,1,600,23,74,7,11,268,W,113,http://cdn.worldweatheronline.net/images/wsymbols01_png_64/wsymbol_0008_clear_sky_night.png,Clear,0.0,0.0,74,10,6,1008,30,4,25,78,19,65,23,74,8,13,25,78,1,900,28,83,7,12,273,W,113,http://cdn.worldweatheronline.net/images/wsymbols01_png_64/wsymbol_0001_sunny.png,Sunny,0.0,0.0,51,10,6,1007,30,11,29,85,17,63,28,83,8,13,29,85,1,1200,29,85,10,15,275,W,113,http://cdn.worldweatheronline.net/images/wsymbols01_png_64/wsymbol_0001_sunny.png,Sunny,0.0,0.0,44,10,6,1005,30,6,30,85,16,60,29,85,11,18,30,85,1,1500,24,76,4,6,337,NNW,113,http://cdn.worldweatheronline.net/images/wsymbols01_png_64/wsymbol_0001_sunny.png,Sunny,0.0,0.0,62,10,6,1005,30,4,26,79,17,63,25,77,5,8,26,79,1,1800,20,68,4,7,262,W,113,http://cdn.worldweatheronline.net/images/wsymbols01_png_64/wsymbol_0001_sunny.png,Sunny,0.0,0.0,83,10,6,1008,30,3,20,68,17,63,20,68,9,15,20,68,1,2100,19,66,8,13,251,WSW,113,http://cdn.worldweatheronline.net/images/wsymbols01_png_64/wsymbol_0008_clear_sky_night.png,Clear,0.0,0.0,88,10,6,1008,30,11,19,66,17,62,19,66,16,26,19,66,1
2011-06-23,05:53 AM,06:25 PM,No moonrise,11:52 AM,Last Quarter,39,29,84,18,64,23,73,0.0,12.7,1,0,18,64,5,9,251,WSW,116,http://cdn.worldweatheronline.net/images/wsymbols01_png_64/wsymbol_0004_black_low_cloud.png,Partly cloudy,0.0,0.0,93,10,6,1007,30,28,18,64,17,62,18,64,11,18,18,64,1,300,18,64,5,8,277,W,143,http://cdn.worldweatheronline.net/images/wsymbols01_png_64/wsymbol_0006_mist.png,Mist,0.0,0.0,95,2,1,1006,30,41,18,64,17,62,18,64,11,17,18,64,1,600,24,74,7,11,268,W,113,http://cdn.worldweatheronline.net/images/wsymbols01_png_64/wsymbol_0008_clear_sky_night.png,Clear,0.0,0.0,70,10,6,1008,30,5,25,78,18,64,24,74,8,12,25,78,1,900,29,84,5,8,279,W,113,http://cdn.worldweatheronline.net/images/wsymbols01_png_64/wsymbol_0001_sunny.png,Sunny,0.0,0.0,51,10,6,1007,30,15,30,86,18,64,29,84,6,10,30,86,1,1200,29,84,9,15,273,W,113,http://cdn.worldweatheronline.net/images/wsymbols01_png_64/wsymbol_0001_sunny.png,Sunny,0.1,0.0,50,10,6,1005,30,14,30,86,17,63,29,84,11,17,30,86,1,1500,25,76,4,7,298,WNW,113,http://cdn.worldweatheronline.net/images/wsymbols01_png_64/wsymbol_0001_sunny.png,Sunny,0.0,0.0,68,10,6,1004,30,10,26,79,18,65,25,76,6,10,26,79,1,1800,20,68,5,9,264,W,113,http://cdn.worldweatheronline.net/images/wsymbols01_png_64/wsymbol_0001_sunny.png,Sunny,0.0,0.0,91,10,6,1006,30,18,20,68,19,65,20,68,10,16,20,68,1,2100,19,67,5,8,250,WSW,143,http://cdn.worldweatheronline.net/images/wsymbols01_png_64/wsymbol_0006_mist.png,Mist,0.0,0.0,94,2,1,1007,30,40,19,67,18,65,19,67,9,15,19,67,1
2011-06-24,05:53 AM,06:25 PM,12:08 AM,12:36 PM,Last Quarter,32,29,84,19,66,23,73,0.0,12.7,1,0,19,66,5,9,262,W,143,http://cdn.worldweatheronline.net/images/wsymbols01_png_64/wsymbol_0006_mist.png,Mist,0.0,0.0,95,2,1,1006,30,54,19,66,18,65,19,66,9,15,19,66,1,300,19,67,2,4,310,NW,143,http://cdn.worldweatheronline.net/images/wsymbols01_png_64/wsymbol_0006_mist.png,Mist,0.0,0.0,97,2,1,1006,30,54,20,67,19,66,20,67,4,6,20,67,1,600,24,75,7,11,262,W,113,http://cdn.worldweatheronline.net/images/wsymbols01_png_64/wsymbol_0008_clear_sky_night.png,Clear,0.0,0.0,72,10,6,1007,30,12,25,78,18,65,24,75,8,12,25,78,1,900,29,84,5,8,288,WNW,113,http://cdn.worldweatheronline.net/images/wsymbols01_png_64/wsymbol_0001_sunny.png,Sunny,0.0,0.0,53,10,6,1007,30,24,30,86,18,65,29,84,5,9,30,86,1,1200,29,84,9,14,273,W,176,http://cdn.worldweatheronline.net/images/wsymbols01_png_64/wsymbol_0009_light_rain_showers.png,Patchy rain possible,0.5,0.0,53,9,5,1004,30,19,31,87,19,65,29,84,11,17,31,87,1,1500,24,75,2,4,331,NNW,113,http://cdn.worldweatheronline.net/images/wsymbols01_png_64/wsymbol_0001_sunny.png,Sunny,0.0,0.0,78,10,6,1005,30,20,26,79,20,68,24,76,3,5,26,79,1,1800,20,68,5,8,270,W,356,http://cdn.worldweatheronline.net/images/wsymbols01_png_64/wsymbol_0010_heavy_rain_showers.png,Moderate or heavy rain shower,3.6,0.1,94,7,4,1007,30,34,20,68,19,66,20,68,9,14,20,68,1,2100,20,67,5,8,258,WSW,356,http://cdn.worldweatheronline.net/images/wsymbols01_png_64/wsymbol_0026_heavy_rain_showers_night.png,Moderate or heavy rain shower,3.4,0.1,95,7,4,1008,30,42,20,67,19,66,20,67,9,15,20,67,1
2011-06-25,05:54 AM,06:25 PM,12:48 AM,01:21 PM,Last Quarter,24,28,83,20,67,23,73,0.0,12.7,1,0,20,67,5,8,263,W,356,http://cdn.worldweatheronline.net/images/wsymbols01_png_64/wsymbol_0026_heavy_rain_showers_night.png,Moderate or heavy rain shower,1.7,0.1,95,5,2,1007,30,56,20,67,19,66,20,67,9,14,20,67,1,300,20,67,5,8,268,W,143,http://cdn.worldweatheronline.net/images/wsymbols01_png_64/wsymbol_0006_mist.png,Mist,0.0,0.0,95,2,1,1006,30,70,20,67,19,66,20,67,8,13,20,67,1,600,24,74,7,12,267,W,116,http://cdn.worldweatheronline.net/images/wsymbols01_png_64/wsymbol_0004_black_low_cloud.png,Partly cloudy,0.0,0.0,76,10,6,1007,30,27,25,78,19,66,24,74,8,13,25,78,1,900,28,83,7,12,287,WNW,116,http://cdn.worldweatheronline.net/images/wsymbols01_png_64/wsymbol_0002_sunny_intervals.png,Partly cloudy,0.0,0.0,56,10,6,1006,30,26,30,85,19,66,28,83,9,14,30,85,1,1200,28,83,11,17,272,W,176,http://cdn.worldweatheronline.net/images/wsymbols01_png_64/wsymbol_0009_light_rain_showers.png,Patchy rain possible,0.8,0.0,58,9,5,1004,30,20,30,86,19,67,28,83,13,22,30,86,1,1500,24,75,6,10,298,WNW,113,http://cdn.worldweatheronline.net/images/wsymbols01_png_64/wsymbol_0001_sunny.png,Sunny,0.0,0.0,74,10,6,1005,30,24,26,78,19,67,24,75,8,13,26,78,1,1800,21,69,6,9,264,W,116,http://cdn.worldweatheronline.net/images/wsymbols01_png_64/wsymbol_0002_sunny_intervals.png,Partly cloudy,0.1,0.0,91,10,6,1007,30,31,21,69,19,67,21,69,10,16,21,69,1,2100,20,68,6,10,258,WSW,116,http://cdn.worldweatheronline.net/images/wsymbols01_png_64/wsymbol_0004_black_low_cloud.png,Partly cloudy,0.1,0.0,92,10,6,1008,30,36,20,68,19,66,20,68,10,17,20,68,1
2011-06-26,05:54 AM,06:25 PM,01:29 AM,02:07 PM,Waning Crescent,17,28,83,20,67,23,74,0.0,12.7,1,0,20,68,5,8,281,W,116,http://cdn.worldweatheronline.net/images/wsymbols01_png_64/wsymbol_0004_black_low_cloud.png,Partly cloudy,0.0,0.0,94,6,3,1007,30,46,20,68,19,66,20,68,9,14,20,68,1,300,20,67,4,6,304,NW,143,http://cdn.worldweatheronline.net/images/wsymbols01_png_64/wsymbol_0006_mist.png,Mist,0.0,0.0,95,2,1,1006,30,56,20,67,19,66,20,67,7,11,20,67,1,600,24,75,7,12,268,W,113,http://cdn.worldweatheronline.net/images/wsymbols01_png_64/wsymbol_0008_clear_sky_night.png,Clear,0.0,0.0,73,10,6,1007,30,24,26,78,19,66,24,75,8,13,26,78,1,900,28,83,7,12,282,WNW,113,http://cdn.worldweatheronline.net/images/wsymbols01_png_64/wsymbol_0001_sunny.png,Sunny,0.0,0.0,55,10,6,1007,30,23,30,85,18,65,28,83,8,13,30,85,1,1200,28,82,11,17,275,W,176,http://cdn.worldweatheronline.net/images/wsymbols01_png_64/wsymbol_0009_light_rain_showers.png,Patchy rain possible,1.2,0.0,56,9,5,1005,30,20,29,85,18,65,28,82,14,23,29,85,1,1500,24,76,5,8,292,WNW,113,http://cdn.worldweatheronline.net/images/wsymbols01_png_64/wsymbol_0001_sunny.png,Sunny,0.0,0.0,70,10,6,1005,30,12,26,79,18,65,24,76,7,11,26,79,1,1800,21,69,6,10,260,W,116,http://cdn.worldweatheronline.net/images/wsymbols01_png_64/wsymbol_0002_sunny_intervals.png,Partly cloudy,0.0,0.0,90,10,6,1008,30,26,21,69,19,66,21,69,10,17,21,69,1,2100,20,69,7,11,265,W,116,http://cdn.worldweatheronline.net/images/wsymbols01_png_64/wsymbol_0004_black_low_cloud.png,Partly cloudy,0.1,0.0,91,10,6,1009,30,37,20,69,19,66,20,69,11,18,20,69,1
2011-06-27,05:54 AM,06:25 PM,02:13 AM,02:56 PM,Waning Crescent,9,27,80,20,68,23,73,0.0,10.6,1,0,20,68,6,10,270,W,116,http://cdn.worldweatheronline.net/images/wsymbols01_png_64/wsymbol_0004_black_low_cloud.png,Partly cloudy,0.0,0.0,93,6,3,1008,30,48,20,68,19,66,20,68,11,17,20,68,1,300,20,68,4,7,253,WSW,119,http://cdn.worldweatheronline.net/images/wsymbols01_png_64/wsymbol_0003_white_cloud.png,Cloudy,0.0,0.0,92,6,3,1008,30,53,20,68,19,66,20,68,7,11,20,68,1,600,23,74,6,9,254,WSW,176,http://cdn.worldweatheronline.net/images/wsymbols01_png_64/wsymbol_0025_light_rain_showers_night.png,Patchy rain possible,0.2,0.0,78,10,6,1010,30,74,25,77,19,66,23,74,7,11,25,77,1,900,27,80,7,11,270,W,116,http://cdn.worldweatheronline.net/images/wsymbols01_png_64/wsymbol_0002_sunny_intervals.png,Partly cloudy,0.0,0.0,63,10,6,1009,30,28,29,83,19,66,27,80,8,13,29,83,1,1200,26,79,7,12,262,W,356,http://cdn.worldweatheronline.net/images/wsymbols01_png_64/wsymbol_0010_heavy_rain_showers.png,Moderate or heavy rain shower,2.4,0.1,66,9,5,1007,30,72,28,82,19,67,26,79,10,17,28,82,1,1500,23,74,5,8,263,W,116,http://cdn.worldweatheronline.net/images/wsymbols01_png_64/wsymbol_0002_sunny_intervals.png,Partly cloudy,0.0,0.0,79,10,6,1008,30,39,25,78,19,67,23,74,7,12,25,78,1,1800,21,70,4,7,247,WSW,176,http://cdn.worldweatheronline.net/images/wsymbols01_png_64/wsymbol_0009_light_rain_showers.png,Patchy rain possible,0.4,0.0,89,9,5,1009,30,74,22,72,19,66,21,70,7,12,21,70,1,2100,20,69,4,7,244,WSW,119,http://cdn.worldweatheronline.net/images/wsymbols01_png_64/wsymbol_0003_white_cloud.png,Cloudy,0.0,0.0,91,8,4,1010,30,54,20,69,19,66,20,69,7,11,20,69,1
2011-06-28,05:54 AM,06:26 PM,03:00 AM,03:48 PM,Waning Crescent,2,28,82,19,67,23,73,0.0,12.7,1,0,20,68,5,8,260,W,119,http://cdn.worldweatheronline.net/images/wsymbols01_png_64/wsymbol_0003_white_cloud.png,Cloudy,0.0,0.0,93,5,2,1009,30,57,20,68,19,66,20,68,8,13,20,68,1,300,19,67,6,10,276,W,143,http://cdn.worldweatheronline.net/images/wsymbols01_png_64/wsymbol_0006_mist.png,Mist,0.0,0.0,94,2,1,1008,30,60,20,67,19,65,20,67,10,16,20,67,1,600,23,73,9,14,265,W,113,http://cdn.worldweatheronline.net/images/wsymbols01_png_64/wsymbol_0008_clear_sky_night.png,Clear,0.1,0.0,76,10,6,1008,30,21,25,77,18,65,23,73,10,16,25,77,1,900,27,81,8,12,291,WNW,113,http://cdn.worldweatheronline.net/images/wsymbols01_png_64/wsymbol_0001_sunny.png,Sunny,0.0,0.0,53,10,6,1008,30,15,28,83,17,63,27,81,9,14,28,83,1,1200,28,82,10,15,278,W,113,http://cdn.worldweatheronline.net/images/wsymbols01_png_64/wsymbol_0001_sunny.png,Sunny,0.0,0.0,48,10,6,1005,30,10,29,83,16,61,28,82,11,18,29,83,1,1500,24,75,8,12,291,WNW,113,http://cdn.worldweatheronline.net/images/wsymbols01_png_64/wsymbol_0001_sunny.png,Sunny,0.0,0.0,67,10,6,1005,30,6,26,78,18,64,24,75,11,18,26,78,1,1800,20,69,5,8,272,W,113,http://cdn.worldweatheronline.net/images/wsymbols01_png_64/wsymbol_0001_sunny.png,Sunny,0.0,0.0,88,10,6,1008,30,17,20,69,18,65,20,69,9,14,20,69,1,2100,20,68,5,8,247,WSW,116,http://cdn.worldweatheronline.net/images/wsymbols01_png_64/wsymbol_0004_black_low_cloud.png,Partly cloudy,0.0,0.0,91,10,6,1008,30,33,20,68,18,65,20,68,9,15,20,68,1
2011-06-29,05:55 AM,06:26 PM,03:51 AM,04:41 PM,New Moon,0,30,86,20,67,24,75,0.0,12.7,1,0,20,68,6,9,268,W,116,http://cdn.worldweatheronline.net/images/wsymbols01_png_64/wsymbol_0004_black_low_cloud.png,Partly cloudy,0.0,0.0,93,10,6,1007,30,40,20,68,19,65,20,68,10,16,20,68,1,300,20,67,4,6,294,WNW,143,http://cdn.worldweatheronline.net/images/wsymbols01_png_64/wsymbol_0006_mist.png,Mist,0.0,0.0,95,2,1,1007,30,57,20,67,19,66,20,67,6,10,20,67,1,600,24,76,5,8,269,W,113,http://cdn.worldweatheronline.net/images/wsymbols01_png_64/wsymbol_0008_clear_sky_night.png,Clear,0.0,0.0,66,10,6,1008,30,13,26,79,18,64,24,76,6,10,26,79,1,900,30,86,7,12,297,WNW,113,http://cdn.worldweatheronline.net/images/wsymbols01_png_64/wsymbol_0001_sunny.png,Sunny,0.0,0.0,45,10,6,1008,30,7,30,87,16,62,30,85,8,13,30,87,1,1200,30,85,4,6,285,WNW,113,http://cdn.worldweatheronline.net/images/wsymbols01_png_64/wsymbol_0001_sunny.png,Sunny,0.0,0.0,46,10,6,1006,30,12,31,87,17,63,30,86,5,7,31,87,1,1500,25,76,2,4,338,NNW,113,http://cdn.worldweatheronline.net/images/wsymbols01_png_64/wsymbol_0001_sunny.png,Sunny,0.0,0.0,70,10,6,1006,30,22,26,80,19,66,25,77,4,6,26,80,1,1800,21,70,3,5,296,WNW,353,http://cdn.worldweatheronline.net/images/wsymbols01_png_64/wsymbol_0009_light_rain_showers.png,Light rain shower,1.0,0.0,89,10,6,1008,30,41,24,76,20,67,22,71,5,8,22,71,1,2100,20,68,3,5,290,WNW,143,http://cdn.worldweatheronline.net/images/wsymbols01_png_64/wsymbol_0006_mist.png,Mist,0.0,0.0,95,2,1,1009,30,45,20,69,19,67,20,69,6,10,20,69,1
2011-06-30,05:55 AM,06:26 PM,04:44 AM,05:36 PM,New Moon,0,30,87,19,66,23,74,0.0,12.7,1,0,19,67,4,6,257,WSW,143,http://cdn.worldweatheronline.net/images/wsymbols01_png_64/wsymbol_0006_mist.png,Mist,0.0,0.0,95,2,1,1008,30,47,20,67,19,66,20,67,7,12,20,67,1,300,19,66,4,7,283,WNW,143,http://cdn.worldweatheronline.net/images/wsymbols01_png_64/wsymbol_0006_mist.png,Mist,0.0,0.0,94,2,1,1008,30,36,19,66,18,64,19,66,9,15,19,66,1,600,24,75,4,7,269,W,113,http://cdn.worldweatheronline.net/images/wsymbols01_png_64/wsymbol_0008_clear_sky_night.png,Clear,0.0,0.0,66,10,6,1009,30,15,26,78,17,63,24,75,5,8,26,78,1,900,30,87,3,5,274,W,113,http://cdn.worldweatheronline.net/images/wsymbols01_png_64/wsymbol_0001_sunny.png,Sunny,0.0,0.0,45,10,6,1008,30,17,32,89,17,63,31,87,3,5,32,89,1,1200,29,83,3,5,277,W,176,http://cdn.worldweatheronline.net/images/wsymbols01_png_64/wsymbol_0009_light_rain_showers.png,Patchy rain possible,0.6,0.0,51,9,5,1006,30,21,30,86,18,64,29,84,4,6,30,86,1,1500,23,74,2,4,304,WNW,116,http://cdn.worldweatheronline.net/images/wsymbols01_png_64/wsymbol_0002_sunny_intervals.png,Partly cloudy,0.0,0.0,82,10,6,1006,30,46,25,78,20,68,23,74,3,5,25,78,1,1800,21,71,4,7,270,W,176,http://cdn.worldweatheronline.net/images/wsymbols01_png_64/wsymbol_0009_light_rain_showers.png,Patchy rain possible,0.8,0.0,90,9,5,1008,30,25,24,76,20,68,22,71,7,12,22,71,1,2100,21,69,2,4,279,W,143,http://cdn.worldweatheronline.net/images/wsymbols01_png_64/wsymbol_0006_mist.png,Mist,0.0,0.0,96,2,1,1009,30,50,21,69,20,68,21,69,4,6,21,69,1
